step,critic_loss,q1_mean,q2_mean,td_target_mean
1,0.14632529020309448,-0.009924919344484806,0.007985623553395271,-0.07198171317577362
