step,raw_score,normalized_score,elapsed_sec,optimal_score,random_score
5000,-43.83838653564453,399.62876363243225,780.8745086193085,-66.78840637207031,-74.44789123535156
10000,-39.7673225402832,452.7793875022242,1523.26087474823,-66.78840637207031,-74.44789123535156
15000,-39.6004524230957,454.957995071117,2280.878160238266,-66.78840637207031,-74.44789123535156
