step,raw_score,normalized_score,elapsed_sec
10000,767.8146022990221,23.258077233873564,87.89277338981628
20000,1223.6088846143564,37.43960437494127,177.05827498435974
30000,937.6295650435302,28.541679061626514,267.7430670261383
40000,883.8619234364854,26.868759285432443,356.65936279296875
50000,970.7771944136457,29.573030317694105,444.8398377895355
60000,922.9614384437366,28.085296777875797,532.519499540329
70000,917.9157339340863,27.928305349449083,619.6888430118561
