step,raw_score,normalized_score,elapsed_sec
10000,3547.2361781719555,109.73665769013634,271.3538308143616
