step,raw_score,normalized_score,elapsed_sec
10000,773.7349775431732,23.44228305976444,88.36360836029053
20000,1229.816605945095,37.63275065156602,184.31657695770264
